4,9,2,5,9,1281,1535540753.61,Malware
3,33,11,33,33,3978," 1490190294.25
",Malware
8,108,13,61,66,7332,"1548058486.49
",Malware
135,4402,32,2159,2202,1211800,1403624679.85,Malware
8,368,46,189,368,229759,1476814820.2,Malware
33,1654,50,930,1654,1042092,1374194871.21,Malware
396,19738,49,7947,9870,4985394,1385190194.86,Malware
184,6846,37,2691,3424,2143879,1403715219.87,Malware
17,3252,191,1603,1649,164060,1525123565.72,Malware
8,635,79,319,327,255175,1415232545.83,Malware
8,3735,466,2358,3735,1350411,1438865832.42,Malware
5,1527,305,921,1527,460426,1546617393.49,Malware
15,1443,96,484,851,510165,1519278606.46,Malware
53,1850,34,915,926,400071,1506979231.97,Malware
245,12320,50,6134,6161,3772236,1508270468.75,Malware
68,3396,49,1595,1775,1211105,1509643482.71,Malware
43,22075,513,11017,11039,8817755,1491932790.16,Malware
135,4402,32,2159,2202,1211800,1403624679.85,Malware
396,19738,49,7947,9870,4985394,1385190194.86,Malware
184,6846,37,2691,3424,2143879,1403715219.87,Malware
33,1654,50,930,1654,1042092,1374194871.21,Malware
756,25128,33,9160,12565,7137876,1403642639.93,Malware
24,337,14,162,173,19971,1485383239.12,Malware
51,10581,207,5269,5293,4915005,1516161992.92,Malware
12,362,30,137,137,25300,1445538715.58,Malware
9,3769,418,1743,2028,387928,1481659176.59,Malware
8,2680,335,1405,1517,418505,1481765063.48,Malware
7,353,50,211,353,263216,1481907437.87,Malware
10,2815,281,1338,1664,507808,1482434033,Malware
10,2115,211,975,1522,792737,1482782181.39,Malware
23,1624,70,1168,1624,1569509,1482943147.5,Malware
749,62459,83,23666,33984,19749668,1524206291.73,Malware
46,5850,127,3998,5850,5059622,1397623623.28,Malware
294,12511,42,6027,6276,4997706,1397440799.29,Malware
328,25441,77,8988,12741,8579161,1425938330.11,Malware
5034,13143,2,4819,8131,869486,1526721698.98,Malware
215,9896,46,4415,5000,532920,1549317972.81,Malware
62,7762,125,3220,3882,3576960,1397712338.27,Malware
9,6403,711,3081,3322,424527,1477323423.41,Malware
7,1230,175,615,616,520331,1502900463.89,Malware
63,792,12,307,580,394557,1477937098.09,Malware
118,1986,16,972,1000,128164,2460.965214,Malware
11,1429,129,1021,1429,1414478,1464798237.16,Malware
454,14574,32,5518,11160,3760742,1523246444.75,Malware
2749,54020,19,23317,37719,9396563,1522061539.25,Malware
119,14956,125,7478,9070,6748642,1507267936.63,Malware
180,4559,25,3312,4559,1963308,1512577670.78,Malware
385,5983,15,1567,3069,2390569,1397308798.08,Malware
1204,16206,13,8804,16206,6647172,1507564358.42,Malware
22,321,14,242,321,54707,1525910362.1,Malware
173,1839,10,1029,1839,850926,1526379952.61,Malware
51,6680,130,3303,3341,2757180,1410174842.4,Malware
20,1202,60,665,1202,854957,1443549854.04,Malware
78,3698,47,1463,1850,1547372,1414965593.38,Malware
9,503,55,325,503,442079,1420475181.23,Malware
9,534,59,355,534,439699,1398921916.06,Malware
104,4500,43,2199,2254,1331606,1328406930.8,Malware
34,3134,92,1540,1571,1226349,1328392015.79,Malware
43,13644,317,6640,6826,5957028,1325818957.2,Malware
33,1654,50,930,1654,1042092,1374194871.21,Malware
185,14887,80,6779,7453,5489198,1328384748.5,Malware
49,3104,63,1542,1553,1395945,1399854034.26,Malware
91,5712,62,2410,2857,2123813,1400453269.56,Malware
62,6382,102,3138,3192,2888703,1409446201.11,Malware
44,3172,72,1446,1704,1424468,1408842649.56,Malware
18,1711,95,1209,1711,1660995,1407627584.13,Malware
24,1095,45,785,1095,1005109,1483113668.24,Malware
12,3399,283,1276,2123,1219981,1483114472.85,Malware
163,15772,96,6027,7887,5925032,1398819001,Malware
25,2559,102,1529,2559,2375501,1377291247.93,Malware
82,6652,81,4061,6652,5754366,1389757033.63,Malware
220,17836,81,8200,8919,5770414,1397541940.79,Malware
62,7762,125,3220,3882,3576960,1397712338.27,Malware
47,3600,76,2157,3600,2877228,1474067008.77,Malware
12,1341,111,905,1341,1298491,1466706432.03,Malware
9,745,82,397,745,538273,1474890205.84,Malware
13,574,44,397,574,521899,1467820769.85,Malware
108,17515,162,8497,8763,5695407,1556834735.3,Malware
231,26361,114,8762,13186,7563934,1552972317.26,Malware
347,21603,62,6619,10807,7156497,1555368380.65,Malware
31,7704,248,2294,3853,2326949,1469462749.35,Malware
9,3421,380,1544,1877,408575,1475867340.91,Malware
9,4010,445,1880,2130,1006106,1484331699.03,Malware
14,2844,203,1168,1423,427954,1485825850.34,Malware
5814,47512,8,20953,23817,1930040,1534672684.47,Malware
429,20362,47,10168,10182,4660747,1528832527.12,Malware
61,33044,541,16518,16523,16048962,1529008130.1,Malware
120,7954,66,3824,3978,2258241,1529436788.85,Malware
32,3452,107,1722,1727,1556057,1534374273.88,Malware
59,20045,339,9521,10102,11416094,1537906314.22,Malware
31,16821,542,8211,8433,4865372,1511226053.13,Malware
1213,7826,6,3909,3914,1165809,1489417020.53,Malware
124,8382,67,4187,4192,2248100,1489520983.53,Malware
56,25247,450,12358,12646,7470757,1511226150.67,Malware
4,16,4,12,16,1971,1488989497.57,Malware
549,21096,38,10537,12309,879832,1520769973.82,Malware
6,698,349,698,698,77906,1512084003.85,Malware
2,935,467,935,935,115698,1537199893.19,Malware
8,290,36,186,290,243528,1486061682.79,Malware
10,514,51,289,426,382670,1486138260.43,Malware
10,43,44,254,361,323587,1486180548.23,Malware
8,341,42,226,341,299653,1487109028.56,Malware
8,301,37,198,301,257127,1487091276.89,Malware
8,476,59,268,476,359125,1487034798.44,Malware
10,3002,300,1341,1904,842716,1486424531.87,Malware
23,3914,170,1954,1958,1464617,1495762534.25,Malware
38,3190,83,1995,3190,2681362,1449687463.64,Malware
5814,47512,8,20953,23817,1930040,1534672684.47,Malware
9,1894,210,1046,1894,898671,1353980097.26,Malware
8,24,3,12,15,1077,1496987068.79,Malware
152,10567,69,4617,5906,4793532,1506962368.95,Malware
95,20896,219,6359,10464,8406529,1513293434.57,Malware
67,2959,44,1271,1740,1337783,1517331900.57,Malware
90,10712,119,3626,5743,4596602,1515091127.61,Malware
42,777,18,358,468,249819,1517421811.91,Malware
5814,47512,8,20953,23817,1930040,1930040,Malware
9,1894,210,1046,1894,898671,1353980097.26,Malware
8,24,3,12,15,1077,1496987068.79,Malware
135,4402,32,2159,2202,1211800,1403624679.85,Malware
8,368,46,189,368,229759,1476814820.2,Malware
33,1654,50,930,1654,1042092,1374194871.21,Malware
36,19738,49,7947,9870,4985394,1385190194.86,Malware
184,6848,37,2691,3424,2143879,1403715219.87,Malware
52,21214,407,10598,10608,9230115,1498758629.18,Malware
89,21240,238,10608,10621,8484595,1500569140.53,Malware
107,19004,177,9470,9503,7947211,1502396167.4,Malware
49,20910,426,10443,10456,9441641,1505755679.8,Malware
55,17392,316,8135,8716,7329414,1502730646.41,Malware
94,4909,52,1447,2573,1267174,1545135516.73,Malware
43,21810,507,10903,10906,10241257,1504217556.54,Malware
47,12366,263,6157,6184,7022434,1525182333.83,Malware
143,18546,129,9263,9274,17026752,1530819256.91,Malware
118,36202,306,14286,18176,15063329,1534526810.55,Malware
45,6192,137,3091,3097,2618183,1502745356.44,Malware
2,2,1,2,2,263,1380138280,Non Malware
4,27,6,15,27,3136,1138224632.35,Non Malware
4,164,41,82,164,8955,1438467350.22,Non Malware
3,4,1,4,4,1312,1102274184.39,Non Malware
5,25,5,13,25,2378,1544967228.82,Non Malware
3,7,2,7,7,751,1165055880.61,Non Malware
3,8,2,8,8,451,1227729908.71,Non Malware
4,12,3,7,12,720,1227729908.58,Non Malware
3,8,2,8,8,458,1227729908.34,Non Malware
3,2,0,2,2,615,1096255084.95,Non Malware
15,110,7,55,131,22885,1105667516.22,Non Malware
2,12028,6014,12028,12028,870083,1294229393.49,Non Malware
3,10,3,10,10,700,1171792480.91,Non Malware
5,7217,1443,7217,7217,1471433,1228469046.88,Non Malware
4,485,121,429,485,311418,1448733620.62,Non Malware
4,1237,309,620,1237,390972,1448736945.32,Non Malware
9,92,10,46,92,12027,1258844153,Non Malware
4,13,3,8,13,976,1132019262.68,Non Malware
4,13,3,8,13,1033,1132104819.61,Non Malware
4,13,3,8,13,1008,1132103529.34,Non Malware
4,13,3,8,13,1036,1132608991.11,Non Malware
5,26,5,16,26,1951,1132017781.96,Non Malware
2,10,5,10,10,1480,1299595979.42,Non Malware
6,280,46,145,299,23667,1257504948.23,Non Malware
6,292,48,153,308,24175,1257505179.23,Non Malware
7,56503,52,364,364,56503,1115373055.97,Non Malware
4,57,14,35,57,5631,1216281124.42,Non Malware
128,2500,19,2474,2500,667106,1518797883.33,Non Malware
6,117,19,76,117,113364,1521202516.62,Non Malware
7,9,1,7,347,174303,1388653841.24,Non Malware
4,10,2,6,62,7793,1388651886.62,Non Malware
30,308,10,141,531,78623,1388651332.31,Non Malware
5,516,103,516,527,114402,1388604240.63,Non Malware
4,32,8,19,32,7037,1258844993.79,Non Malware
7,25,3,23,25,6905,1128234710.74,Non Malware
5,32,6,31,32,3315,1096255085.6,Non Malware
3,64,21,64,31161,2271380,1274266620.97,Non Malware
2,54,27,54,426,47570,1298561834.08,Non Malware
9,31383,3487,16014,16036,1326962,1320312500.06,Non Malware
335,36942,110,18452,18472,4610740,1103485468.1,Non Malware
5,866,173,866,866,157902,1480173003.07,Non Malware
5,852,170,852,852,185175,1480171996.57,Non Malware
4,433,108,433,433,94247,1480172914.72,Non Malware
11,3464,314,3464,3464,448360,1480172729.67,Non Malware
4,433,108,433,433,34784,1480675289.58,Non Malware
4,433,108,433,433,40264,1480172969.92,Non Malware
4,292,73,292,292,32856,1480256095.6,Non Malware
7,1673,239,1673,1673,1921234,1480172617.92,Non Malware
4,103,25,103,103,11079,1480172957.14,Non Malware
4,433,108,433,433,79945,1480255677.34,Non Malware
6,1299,216,1299,1299,128518,1480255728.22,Non Malware
2,1,0,1,1,130,0,Non Malware
2,1,0,1,1,154,1518307023.95,Non Malware
2,1,0,1,1,418,1065823369.24,Non Malware
8,118,14,58,60,26866,1254722776.69,Non Malware
3,9,3,9,9,2159,1150121105.51,Non Malware
2,2,1,2,2,222,5,Non Malware
4,479,119,309,479,111277,1303496723.92,Non Malware
3,24,8,24,24,2979,1205285358.4,Non Malware
4,92,23,48,92,7748,943755197.958,Non Malware
4,272,68,159,272,19969,944192142.668,Non Malware
6,99,16,49,99,29855,1367411052.26,Non Malware
6,100,16,50,100,29215,1367053679.76,Non Malware
4,78,19,78,78,12895,1206814323.66,Non Malware
3,36,12,36,36,6006,2774190273,Non Malware
3,36,12,36,36,6808,2774567399,Non Malware
3,10,3,10,10,911,1205649454.09,Non Malware
3,56,18,56,56,16447,1445944516.12,Non Malware
14,417,29,148,218,19156,1450374038.89,Non Malware
15,1748,116,874,2544,175713,1523287251.15,Non Malware
16,4042,252,2514,4128,516978,1377868928.65,Non Malware
2,105,52,105,105,7623,1178738598.27,Non Malware
4,61,15,59,61,4683,1178737994.48,Non Malware
2,650,325,650,650,142084,1396418419.83,Non Malware
3,4,1,4,4,877,1125987741.49,Non Malware
2,1,0,1,1,445,0,Non Malware
10,14,1,7,14,13216,1539062949.37,Non Malware
4,10,2,5,10,937,1128177895.37,Non Malware
4,12,3,6,12,1160,1128178134.03,Non Malware
3,2,0,2,2,2504,1338904091.47,Non Malware
2,1,0,1,1,77,955475231.643,Non Malware
2,1,0,1,1,77,955475289.55,Non Malware
2,1,0,1,1,147,955475381.123,Non Malware
15,80,5,32,48,4980,1278798212.11,Non Malware
34,320,9,109,165,62233,1279251587.12,Non Malware
6,39,6,29,39,15825,1279129255.99,Non Malware
3,2,0,2,2,942,1294672473.08,Non Malware
3,4,1,4,4,1312,1102274184.39,Non Malware
4,11,2,6,11,1819,1264976181.5,Non Malware
4,2,0,1,2,162,1166293367.29,Non Malware
4,2,0,1,2,168,1264437230.83,Non Malware
5,4,0,2,4,336,1264437230.83,Non Malware
6,71,11,38,71,37309,1270494770.21,Non Malware
4,5,1,3,5,2886,1270495405.72,Non Malware
44,1910,43,481,956,652181,1270661371.83,Non Malware
4,12,3,7,12,6162,1265678319.75,Non Malware
4,21,5,12,21,13003,1265682777.56,Non Malware
4,9,2,6,9,1674,1438830502.32,Non Malware
3,122,40,122,122,128458,1269449577.47,Non Malware
4,6,1,3,6,2387,1265678319.72,Non Malware
4,6,1,3,6,2387,1277053589.34,Non Malware
4,6,1,3,6,2387,1277056398.03,Non Malware
4,6,1,3,6,2387,1277057968.2,Non Malware
2,7,3,7,9,620,1268911949.45,Non Malware
4,6,1,3,8,476,1268912536.79,Non Malware
5,8,1,4,5,462,1268914567.05,Non Malware
2,2,1,2,2,124,1278938132.66,Non Malware
5,4,0,2,3,204,1271611536.35,Non Malware
1004,2009,2,1598,2011,116672,1278275079.36,Non Malware
4,9,2,5,9,6126,1236095711.96,Non Malware
4,3,0,2,3,186,1262893114.47,Non Malware
11,505,45,307,505,420529,1262893123.48,Non Malware
4,2,0,1,2,122,1246561549.4,Non Malware
2,6,3,6,6,4236,979489090.5,Non Malware
4,4,1,2,4,228,1262904550.97,Non Malware
4,8,2,4,8,1872,1236095740.22,Non Malware
3,7,2,7,7,3328,1276375699.42,Non Malware
4,15,3,8,15,4177,1270489887.88,Non Malware
13,81,6,42,81,32842,1270401283.22,Non Malware
4,14,3,7,14,5688,1269992075.41,Non Malware
2,1,0,1,1,73,1246562189.77,Non Malware
6,52,8,33,52,3434,1258553228.43,Non Malware
