Graph Size,Root Out Degree,Average Out Degree,Max Out Degree,Number of Packet,Length of Data,Time Stamp,Decision
4,9,2,5,9,1281,1535540753.61,Malware Botnet
3,33,11,33,33,3978," 1490190294.25
",Malware
8,108,13,61,66,7332,"1548058486.49
",Malware Ransomewere
135,4402,32,2159,2202,1211800,1403624679.85,Malware Inceded Trojan
8,368,46,189,368,229759,1476814820.2,Malware Inceded Trojan
33,1654,50,930,1654,1042092,1374194871.21,Malware Inceded Trojan
396,19738,49,7947,9870,4985394,1385190194.86,Malware Inceded Trojan
184,6846,37,2691,3424,2143879,1403715219.87,Malware Inceded Trojan
17,3252,191,1603,1649,164060,1525123565.72,Malware Nanocore
8,635,79,319,327,255175,1415232545.83,Malware Comanal
8,3735,466,2358,3735,1350411,1438865832.42,Malware Adwindinfecti
5,1527,305,921,1527,460426,1546617393.49,Malware Nanocore Rati
15,1443,96,484,851,510165,1519278606.46,Malware Nanocore
53,1850,34,915,926,400071,1506979231.97, Malware Smoke Loader
245,12320,50,6134,6161,3772236,1508270468.75,Malware Smoke Loader
68,3396,49,1595,1775,1211105,1509643482.71,Malware Smoke Loader
43,22075,513,11017,11039,8817755,1491932790.16,Malware Smoke Loader
135,4402,32,2159,2202,1211800,1403624679.85,Malware URLZone
396,19738,49,7947,9870,4985394,1385190194.86,Malware URLZone
184,6846,37,2691,3424,2143879,1403715219.87,Malware URLZone
33,1654,50,930,1654,1042092,1374194871.21,Malware URLZone
756,25128,33,9160,12565,7137876,1403642639.93,Malware Gozi
24,337,14,162,173,19971,1485383239.12,Malware Gozi
51,10581,207,5269,5293,4915005,1516161992.92,Malware Gozi
12,362,30,137,137,25300,1445538715.58,Malware Gozi
9,3769,418,1743,2028,387928,1481659176.59,Malware Domain Cop
8,2680,335,1405,1517,418505,1481765063.48,Malware Net Malspam Trafic
7,353,50,211,353,263216,1481907437.87,Malware Locky
10,2815,281,1338,1664,507808,1482434033,Malware Cerber
10,2115,211,975,1522,792737,1482782181.39,Malware Pseudodarkleech
23,1624,70,1168,1624,1569509,1482943147.5, Malware Smoke Loader
749,62459,83,23666,33984,19749668,1524206291.73,Malware Botnet
46,5850,127,3998,5850,5059622,1397623623.28,Malware Botnet
294,12511,42,6027,6276,4997706,1397440799.29,Malware Botnet
328,25441,77,8988,12741,8579161,1425938330.11,Malware Botnet
5034,13143,2,4819,8131,869486,1526721698.98,Malware Botnet
215,9896,46,4415,5000,532920,1549317972.81,Malware Botnet
62,7762,125,3220,3882,3576960,1397712338.27,Malware Botnet
9,6403,711,3081,3322,424527,1477323423.41,Malware Campaings
7,1230,175,615,616,520331,1502900463.89,Malware Campaings
63,792,12,307,580,394557,1477937098.09,Malware Campaings
118,1986,16,972,1000,128164,2460.965214,Malware Campaings
11,1429,129,1021,1429,1414478,1464798237.16,Malware Campaings
454,14574,32,5518,11160,3760742,1523246444.75,Malware Exploit
2749,54020,19,23317,37719,9396563,1522061539.25,Malware Exploit
119,14956,125,7478,9070,6748642,1507267936.63,Malware Exploit
180,4559,25,3312,4559,1963308,1512577670.78,Malware Exploit
385,5983,15,1567,3069,2390569,1397308798.08,Malware Exploit
1204,16206,13,8804,16206,6647172,1507564358.42,Malware Exploit
22,321,14,242,321,54707,1525910362.1,Malware Exploit
173,1839,10,1029,1839,850926,1526379952.61,Malware Exploit
51,6680,130,3303,3341,2757180,1410174842.4,Malware Angler
20,1202,60,665,1202,854957,1443549854.04,Malware Angler
78,3698,47,1463,1850,1547372,1414965593.38,Malware Angler
9,503,55,325,503,442079,1420475181.23,Malware Angler
9,534,59,355,534,439699,1398921916.06,Malware Angler
104,4500,43,2199,2254,1331606,1328406930.8,Malware Blackhole
34,3134,92,1540,1571,1226349,1328392015.79,Malware Blackhole
43,13644,317,6640,6826,5957028,1325818957.2,Malware Blackhole
33,1654,50,930,1654,1042092,1374194871.21,Malware Blackhole
185,14887,80,6779,7453,5489198,1328384748.5,Malware Blackhole
49,3104,63,1542,1553,1395945,1399854034.26,Malware Fiesta Kit
91,5712,62,2410,2857,2123813,1400453269.56,Malware Fiesta Kit
62,6382,102,3138,3192,2888703,1409446201.11,Malware Fiesta Kit
44,3172,72,1446,1704,1424468,1408842649.56,Malware Fiesta Kit
18,1711,95,1209,1711,1660995,1407627584.13,Malware Fiesta Kit
24,1095,45,785,1095,1005109,1483113668.24,Malware
12,3399,283,1276,2123,1219981,1483114472.85,Malware
163,15772,96,6027,7887,5925032,1398819001,Malware MagnitudeEKT
25,2559,102,1529,2559,2375501,1377291247.93,Malware MagnitudeEKT
82,6652,81,4061,6652,5754366,1389757033.63,Malware MagnitudeEKT
220,17836,81,8200,8919,5770414,1397541940.79,Malware MagnitudeEKT
62,7762,125,3220,3882,3576960,1397712338.27,Malware MagnitudeEKT
47,3600,76,2157,3600,2877228,1474067008.77,Malware Neutrino
12,1341,111,905,1341,1298491,1466706432.03,Malware Neutrino
9,745,82,397,745,538273,1474890205.84,Malware Neutrino
13,574,44,397,574,521899,1467820769.85,Malware Neutrino
108,17515,162,8497,8763,5695407,1556834735.3,Malware BEGUILESOFT
231,26361,114,8762,13186,7563934,1552972317.26,Malware BEGUILESOFT
347,21603,62,6619,10807,7156497,1555368380.65,Malware STINGRAYAHOY
31,7704,248,2294,3853,2326949,1469462749.35,Malware Cerber Ransomware
9,3421,380,1544,1877,408575,1475867340.91,Malware Cerber Ransomware
9,4010,445,1880,2130,1006106,1484331699.03,Malware Cerber Ransomware
14,2844,203,1168,1423,427954,1485825850.34,Malware Cerber Ransomware
5814,47512,8,20953,23817,1930040,1534672684.47,Malware Cerber Ransomware
429,20362,47,10168,10182,4660747,1528832527.12,Malware Emotet Trojan
61,33044,541,16518,16523,16048962,1529008130.1,Malware Emotet Trojan
120,7954,66,3824,3978,2258241,1529436788.85,Malware Emotet Trojan
32,3452,107,1722,1727,1556057,1534374273.88,Malware Emotet Trojan
59,20045,339,9521,10102,11416094,1537906314.22,Malware Emotet Trojan
31,16821,542,8211,8433,4865372,1511226053.13,Malware Kovter
1213,7826,6,3909,3914,1165809,1489417020.53,Malware Kovter
124,8382,67,4187,4192,2248100,1489520983.53,Malware Kovter
56,25247,450,12358,12646,7470757,1511226150.67,Malware Kovter
4,16,4,12,16,1971,1488989497.57,Malware Kovter
549,21096,38,10537,12309,879832,1520769973.82,Malware WannaCrypt
6,698,349,698,698,77906,1512084003.85,Malware WannaCrypt
2,935,467,935,935,115698,1537199893.19,Malware WannaCrypt
8,290,36,186,290,243528,1486061682.79,Malware Ransomewere
10,514,51,289,426,382670,1486138260.43,Malware Ransomewere
10,43,44,254,361,323587,1486180548.23,Malware Ransomewere
8,341,42,226,341,299653,1487109028.56,Malware Ransomewere
8,301,37,198,301,257127,1487091276.89,Malware Ransomewere
8,476,59,268,476,359125,1487034798.44,Malware Ransomewere
10,3002,300,1341,1904,842716,1486424531.87,Malware Ransomewere
23,3914,170,1954,1958,1464617,1495762534.25,Malware Corebot
38,3190,83,1995,3190,2681362,1449687463.64,Malware Corebot
5814,47512,8,20953,23817,1930040,1534672684.47,Malware Dridex (Bugat + Cridex)
9,1894,210,1046,1894,898671,1353980097.26,Malware Dridex (Bugat + Cridex)
8,24,3,12,15,1077,1496987068.79,Malware Dridex (Bugat + Cridex)
152,10567,69,4617,5906,4793532,1506962368.95,Malware Formbook
95,20896,219,6359,10464,8406529,1513293434.57,Malware Formbook
67,2959,44,1271,1740,1337783,1517331900.57,Malware Formbook
90,10712,119,3626,5743,4596602,1515091127.61,Malware Formbook
42,777,18,358,468,249819,1517421811.91,Malware Formbook
5814,47512,8,20953,23817,1930040,1930040,Malware Ghost
9,1894,210,1046,1894,898671,1353980097.26,Malware Ghost
8,24,3,12,15,1077,1496987068.79,Malware Ghost
135,4402,32,2159,2202,1211800,1403624679.85,Malware GootKit
8,368,46,189,368,229759,1476814820.2,Malware GootKit
33,1654,50,930,1654,1042092,1374194871.21,Malware GootKit
36,19738,49,7947,9870,4985394,1385190194.86,Malware GootKit
184,6848,37,2691,3424,2143879,1403715219.87,Malware GootKit
52,21214,407,10598,10608,9230115,1498758629.18,Malware Hancitor
89,21240,238,10608,10621,8484595,1500569140.53,Malware Hancitor
107,19004,177,9470,9503,7947211,1502396167.4,Malware Hancitor
49,20910,426,10443,10456,9441641,1505755679.8,Malware Hancitor
55,17392,316,8135,8716,7329414,1502730646.41,Malware Hancitor
94,4909,52,1447,2573,1267174,1545135516.73,Malware Smoke Loader
43,21810,507,10903,10906,10241257,1504217556.54,Malware Trickbot
47,12366,263,6157,6184,7022434,1525182333.83,Malware Trickbot
143,18546,129,9263,9274,17026752,1530819256.91,Malware Trickbot
118,36202,306,14286,18176,15063329,1534526810.55,Malware Trickbot
45,6192,137,3091,3097,2618183,1502745356.44,Malware Trickbot
4,10171,2542,5160,10171,1403950,1408529041.82,Malware s7comm_varservice_libnodavedemo_bench
3,204,68,204,204,57621,1523954720.39,Malware s101glow
3,13,4,13,13,1075,1158068941.19,Malware S5066-Expedited
6,44,7,44,44,2663,1130321549.91,Malware S5066-HFChat-1
3,19,6,19,19,1170,1130327689.75,Malware S5066-HFChat-Rejected
4,318,79,318,318,85560,1159929459.17,Malware scsi-osd-example-001
10,90,9,90,90,8736,1196674495.65,Malware SIMULCRYPT
45,6192,137,3091,3097,2618183,1502745356.44,Malware Traffic-for-2017-08-15-ISC-diary-on-Trickbot-malspam
4,29,7,15,31,2326,1408528982,Malware s7comm_varservice_libnodavedemo
4,53,13,32,55,4451,1408528775.36,Malware s7comm_reading_setting_plc_time
4,238,59,152,240,21248,1408529142,Malware s7comm_reading_plc_status
8,140,17,92,140,11717,1408528853.99,Malware s7comm_program_blocklist_onlineview
6,93,15,62,93,8011,1408528805.99,Malware s7comm_downloading_block_db1
2,226,113,226,226,294586,1128523498.54,Malware rtp-norm-transfer
5,58,11,33,58,24105,1145869468.21,Malware rsasnakeoil2
5,44,8,24,44,7914,1127842056.69,Malware pvfs2-sample
3,25,8,25,39,3312,1186564739.82,Malware ptpv2
2,1,0,1,1,324,1160559276.93,Malware PRIV_bootp-both_overload_empty-no_end
2,1,0,1,1,324,1160559276.93,Malware PRIV_bootp-both_overload
5,29,5,15,29,3360,1128178648.24,Malware p772-transfer-success
12,36,3,14,20,8246,1406054225.66,Malware OptoMMP
3,3,1,3,3,622,1175737878.8,Malware metasploit-sip-invite-spoof
3,35,11,35,35,4871,1144004399.9,Malware kismet-client-server-dump-1
2,726,363,726,726,54243,19344.1175,Malware ipmi.sensor.event.RR
2,1138,569,1138,1138,83198,19117.4463,Malware ipmi.SDR.FRU.SEL
3,105,35,105,105,8431,1372919141.9,Malware iec104
3,28,9,28,28,29045,1452112930.29,Malware http-chunked-gzip
2,100,50,100,100,6552,1126551998.73,Malware hsrp
3,8,2,8,8,1203,1318247790,Malware hdcp_authentication_sample
4,17,4,9,17,3851,1278315338.62,Malware cmp_IR_sequence_OpenSSL-Cryptlib
3,53,17,53,53,43120,1176310305.13,Malware BITTORRENT
230,26085,113,13050,13050,7585295,1349625843.68,Malware BIN_Tbot_FC7C3E087789824F34A9309DA2388CE5_2012-12
4,9,2,5,9,778,1480533565.9,Malware bgp_shutdown_communication
2,31,15,31,31,2914,287046.997462,Malware bfd-raw-auth-md5
9,1042,115,1012,1042,238885,1285571602.47,Malware Asterisk_ZFONE_XLITE
5,26,5,14,26,5941,1182212152.13,Malware anon_sid_1054_2002296
10,779,77,779,779,558515,1279475236.79,Malware ratinfected
71,1264,17,587,691,99997,1120471107.43,Malware aaa
1605,94327,58,32310,47177,29249335,1533965907.31,Malware 2018-08-12-traffic-analysis-exercise
47,7580,161,3541,4028,3296984,1515642778.52,Malware 2018-01-11-Rig-EK-sends-Smoke-Loader-and-Monero-coin-miner
383,28572,74,14056,14287,2554913,1515519392.04,Malware 2018-01-09-Seamless-campaign-Rig-EK-sends-Ramnit
50,1584,31,790,793,521319,1515510545.33,Malware 2018-01-09-Java-based-RAT-malspam-traffic
233,11816,50,5889,5909,3089162,1515532138.07,Malware 2018-01-09-Emotet-and-Zeus-Panda-Banker-traffic
11,834,75,534,834,663836,1515379425.08,Malware 2018-01-08-fake-AV-page-after-viewing-proactivo.com.pe
12,214,17,104,108,68203,1515206278.68,Malware 2018-01-06-fake-AV-page-after-viewing-prelatureofayaviri.org
13,178,13,86,90,46765,1515207752.31,Malware 2018-01-06-fake-AV-page-after-viewing-mitchandgina.com
14,674,48,333,338,294380,1515204244.01,Malware 2018-01-06-fake-AV-page-after-viewing-breathtest.com.au
12,230,19,112,116,75771,1515196400.99,Malware 2018-01-05-fake-AV-site-after-viewing-galina-eg.com
12,690,57,342,346,302307,1515195501.33,Malware 2018-01-05-fake-AV-page-after-viewing-sunrisegolf.club
12,408,34,201,205,148228,1515191960.73,Malware 2018-01-05-fake-AV-page-after-viewing-mrs-inkjet.com
12,642,53,318,322,305164,1515196786.62,Malware 2018-01-05-fake-AV-page-after-viewing-metafor.fr
8,122,15,60,62,3993,1515095931.56,Malware 2018-01-04-PCRat-gh0st-traffic
96,5541,57,2756,2777,1786656,1515101545.05,Malware 2018-01-04-Formbook-infection-traffic
15,6660,444,3327,3331,3299388,1514320142.16,Malware 2017-12-26-EITest-HoelflerText-popup-sends-NetSupport-Manager-RAT
13,2562,197,1297,1282,1091528,1513903779.28,Malware 2017-12-22-malspam-pushing-RemcosRAT
31,2666,86,1326,1334,1041254,1513104784.84,Malware 2017-12-12-Ngay-campaign-Rig-EK-2nd-run-with-post-infection-traffic
9,410,45,205,206,172268,1513097406.01,Malware 2017-12-12-Ngay-campaign-Rig-EK-1st-run-Rig-EK-only
6,36,6,18,19,5287,1512145685.54,Malware 2017-12-01-target-phishing-web-page-traffic
20,1954,97,973,978,771206,1511834783.75,Malware 2017-11-28-fake-Netflix-login-page-traffic-1st-run
20,5948,297,2960,2981,2747906,1511825791.52,Malware 2017-11-27-fake-font-update-for-firefox
18,11064,614,5521,5539,5410889,1511800911.98,Malware 2017-11-27-fake-font-update-for-chrome
20,2116,105,1056,1059,831353,1511380055.97,Malware 2017-11-22-Netflix-phishing-traffic
24,1474,61,728,738,661694,1510823076.64,Malware 2017-11-16-Loki-bot-malspam-traffic
13,5232,402,2614,2617,2793659,1510524220.62,Malware 2017-11-12-Mercury-Text-pop-sends-coinminer
30,21808,726,10895,10905,11249414,1509721815.37,Malware 2017-11-03-Brazil-malspam-pushes-Banload
68,3396,49,1595,1775,1211105,1509643482.71,Malware 2017-11-02-Smoke-Loader-traffic
235,30164,128,15007,15086,6719313,1509651282.72,Malware 2017-11-02-Neutrino-traffic
11,142,12,69,72,29882,1508987084.33,Malware 2017-10-26-EITest-script-causes-fake-AV-page
15,5918,394,2956,2960,3467969,1508985780.14,Malware 2017-10-26-EITest-HoeflerText-popup-sends-NetSupport-RAT
14,1862,133,928,932,952908,1508846138.88,Malware 2017-10-24-Necurs-botnet-DDE-doc-sends-Locky
245,12320,50,6134,6161,3772236,1508270468.75,Malware 2017-10-17-post-infection-traffic-from-Terror-EK-payload
144,138594,962,68759,69298,11004978,1507920062.81,Malware 2017-10-13-Blank-Slate-campaign-pushes-Sage-2.2-ransomware
12,7604,633,3801,3803,3467194,1507765328.39,Malware 2017-10-11-WhatsApp-malspam-1st-run
13,6314,485,3157,3158,1856385,1507559927.24,Malware 2017-10-09-TT-copy-malspam-traffic
7,1724,246,862,863,631974,1507157718.78,Malware 2017-10-04-Locky-from-tolopkedoper.info
7,1744,249,872,873,656964,1507159310.01,Malware 2017-10-04-Locky-from-indiawolfk.info
7,1708,244,854,855,643344,1507156976.19,Malware 2017-10-04-Locky-from-easyuopled.info
15,7248,483,3621,3625,3309381,1507077781.85,Malware 2017-10-04-EITest-HoeflerText-popup-sends-NetSupport-Manager-RAT
152,10567,69,4617,5906,4793532,1506962368.95,Malware 2017-10-02-malspam-pushing-Formbook-info-stealer
20,1618,80,803,810,507479,1505930941.31,Malware 2017-09-20-traffic-for-CVE-2017-8759
8,1154,144,576,578,603727,1505746659.94,Malware 2017-09-18-Necurs-Botnet-malspam-traffic-from-1st-wave
10,1450,145,725,726,714794,1505501052.23,Malware 2017-09-15-Locky-binary-from-tsivn.com.vn
6,1322,220,661,662,676473,1505496097.79,Malware 2017-09-15-Locky-binary-from-rockjonadd.top
8,1244,155,622,623,618561,1505501696.98,Malware 2017-09-15-Locky-binary-from-longvanceramics.com.vn
6,1198,199,599,600,680865,1505500210.65,Malware 2017-09-15-Locky-binary-from-ekolapsm.top
5,45,9,30,45,35626,1505510899.86,Malware 2017-09-15-fake-Microsoft-update-traffic
15,13602,906,6748,6850,5709961,1504802785.26,Malware 2017-09-07-EITest-HoeflerText-popup-pushes-NetSupport-Manager-RAT-traffic
12,864,72,430,433,311273,1504801615.35,Malware 2017-09-07-EITest-fake-AV-tech-support-scam-traffic
44,8272,188,4130,4137,4007180,1504732395.27,Malware 2017-09-06-Japanese-malspam-pushing-Ursnif-traffic
11,1146,104,572,574,558770,1504618841.09,Malware 2017-09-05-Necurs-botnet-malspam-pushes-Locky-ransomware-example-1-of-3
17,18416,1083,9203,9209,9157363,1504637665.78,Malware 2017-09-05-Brazil-malspam-Solicitacao-de-Orcamento-traffic-example
14,5164,368,2579,2583,2326657,1504283107.63,Malware 2017-09-01-EITest-HoeflerText-popup-from-one-hour.fr
9,1658,184,828,830,763048,1504290747.34,Malware 2017-09-01-EITest-HoeflerText-popup-from-canadoodles.com
14,6822,487,3408,3412,3117399,1504284645.35,Malware 2017-09-01-EITest-HoeflerText-popup-from-backupcare.org
64,4548,71,2274,2275,2038052,1504045821.99,Malware 2017-08-29-traffic-analysis-pop-quiz
11,1068,97,533,535,587064,1503932120.03,Malware 2017-08-28-Fobos-campaign-Rig-EK-sends-Bunitu
7,1230,175,615,616,520331,1502900463.89,Malware 2017-08-16-Blank-Slate-campaign-gets-Locky-from-playvilla.men
74,3624,48,1803,1813,1351293,1502496900.61,Malware 2017-08-11-Trickbot-infection-from-carriereiter.com
34,16612,488,8299,8307,7253408,1502205125,Malware 2017-08-08-contract-malspam-traffic
25,1956,78,965,984,926639,1501689165.02,Malware 2017-08-02-Magnitude-EK-sends-Cerber-ransomware
6,506,84,253,254,240191,1501717342.46,Malware 2017-08-02-Gryphon-ransomware-from-scenetavern.win
6,438,73,219,220,235044,1501351156.05,Malware 2017-07-29-BTCware-from-cabeiriscout.faith
35,1180,33,589,591,344581,1501034580.53,Malware 2017-07-26-Emotet-malspam-traffic
24,2900,120,1449,1451,1300896,1500905908.74,Malware 2017-07-24-Trickbot-malspam-traffic
8,14262,1782,7130,7132,6764082,1500397837.38,Malware 2017-07-18-1st-run-NemucodAES-malspam-traffic
21,6864,326,3425,3433,3521023,1499433889.14,Malware 2017-07-07-Brazil-Detran-malspam-traffic
6,498,83,249,250,240301,1498682491.61,Malware 2017-06-28-GlobeImposter-from-clippodoops.top
6,674,112,337,338,315393,1498687791.83,Malware 2017-06-28-Cerber-from-coolfamerl.top
10,5042,504,2293,2522,456203,1498671743.45,Malware 2017-06-28-Cerber-from-clippodoops.top-1-of-2-full-infection
17,439,25,224,378,287988,1498007619.69,Malware 2017-06-21-Rig-EK-sends-Bunitu
11,122,11,58,62,18360,1497633088.95,Malware 2017-06-16-Boleto-malspam-link-from-PDF-attachment
8,677,84,440,677,598829,1497544704.68,Malware 2017-06-15-3rd-run-Hookads-Rig-EK-sends-Dreambot
23,2183,94,902,1273,973003,1497535161.71,Malware 2017-06-15-1st-run-Seamless-Rig-EK-sends-Ramnit
14,726,51,361,364,272383,1497017815.09,Malware 2017-06-09-EITest-tech-support-scam
11,448,40,223,225,142973,1496855560.92,Malware 2017-06-07-Loki-Bot-malspam-traffic
6,291,48,205,291,299724,1496760613.87,Malware 2017-06-06-RoughTed-Rig-EK-sends-Chthonic-1st-run
23,1160,50,580,581,455414,1496411530.64,Malware 2017-06-02-Dridex-malspam-traffic
23,3914,170,1954,1958,1464617,1495762534.25,Malware 2017-05-26-DHL-malspam-traffic
11,590,53,271,317,274652,1495748095.15,Malware 2017-05-25-EITest-script-for-tech-scam-after-activaclinics.com-UK-based-traffic
6,298,49,197,298,258926,1495678127.7,Malware 2017-05-25-EITest-Rig-EK-sends-Mole-ransomware-after-naturalhealthonline.com
10,5084,508,2310,2543,462311,1494604904.33,Malware 2017-05-12-Cerber-from-momendfakol.top
519,4106,7,2052,2054,785032,1494533228.65,Malware 2017-05-11-Fedex-malspam-sends-Kovter
4,196,49,100,196,141340,1494382205.89,Malware 2017-05-10-GlobeImposter-from-sousedopac.top
10,4998,499,2285,2500,436498,1494437518.68,Malware 2017-05-10-Cerber-from-weekdkla.top
10,5612,561,2401,2807,716091,1494438005.38,Malware 2017-05-10-Cerber-from-uityeerastyremei.pw
23,1720,74,855,861,540507,1494346499.04,Malware 2017-05-09-Rig-EK-sends-Bunitu
4,157,39,101,157,150467,1494342068.7,Malware 2017-05-09-GlobeImposter-from-mopooland.top
10,5092,509,2307,2547,476172,1494341334.19,Malware 2017-05-09-Cerber-from-wscfgfr23azfg.top
10,5032,503,2289,2517,480334,1494214900.76,Malware 2017-05-08-Cerber-from-douruinityduade.xyz
10,5758,575,2394,2880,820980,1494003447.68,Malware 2017-05-05-Cerber-from-oudiautimativc.top
12,5426,452,2365,2714,630164,1494004914.28,Malware 2017-05-05-Cerber-from-johnalmcx.top-1-of-2
12,5884,490,2448,2943,835419,1494008348.39,Malware 2017-05-05-Cerber-from-batypli3werty.top-1-of-2
12,5136,428,2309,2569,501986,1494012271.09,Malware 2017-05-05-Cerber-from-4rebaopfgrewe.top
14,1731,123,783,1205,1046998,1493905729.58,Malware 2017-05-04-fake-Adobe-Flash-player-site
10,2984,298,1374,1493,247687,1493939007.56,Malware 2017-05-04-Cerber-from-gangvooloq.top
6,582,97,291,292,281903,1493834566.63,Malware 2017-05-03-GlobeImposter-ransomware-variant-from-newfornz.top
11,104,9,50,53,23907,1493671498.43,Malware 2017-05-01-Mordor-from-seahomevb.top
10,5006,500,2160,2504,609157,1493652449.69,Malware 2017-05-01-Cerber-from-seahomevb.top
8,852,106,426,427,357777,1493508723.63,Malware 2017-04-29-CVE-2017-0199-attempt-from-horsezangd.top
6,1162,193,581,582,524879,1493509223.38,Malware 2017-04-29-Cerber-from-horsezangd.top
6,874,145,437,438,337799,1493486460.8,Malware 2017-04-29-Cerber-from-37kddsserrt.pw
9,1140,126,477,785,586556,1493378881.26,Malware 2017-04-28-UPS-malspam-traffic
10,3142,314,1218,1572,575964,1493300192.24,Malware 2017-04-27-Cerber-from-wowaskopoq.top-1-of-2
6,50,8,25,26,15333,1493298014.6,Malware 2017-04-27-Cerber-from-castrokolaz.top
6,614,102,307,308,329918,1493299461.65,Malware 2017-04-27-Cerber-from-37kddsserrt.xyz
10,832,83,414,417,389650,1493311766.43,Malware 2017-04-27-Blank-Slate-uses-Word-doc-for-CVE-2017-0199
6,96,16,53,96,47019,1493227811.61,Malware 2017-04-26-USPS-malspam-5-different-zip-files-show-5-different-file-hashes
36,1064,29,524,533,321776,1493087353.9,Malware 2017-04-25-Smoke-Loader-post-infection-traffic
22,2823,128,1394,1416,1101509,1492799391.73,Malware 2017-04-21-parking-service-malspam-traffic-1st-run
8,862,107,587,862,813072,1492696692.31,Malware 2017-04-20-EITest-Rig-EK-sends-Quant-Loader
10,5448,544,2367,2725,640208,1492704688.55,Malware 2017-04-20-Cerber-from-badwerkad.top
91,5576,61,2774,2789,2765135,1492613648.77,Malware 2017-04-19-USPS-malspam-traffic-2-of-2-Panda-Banker-only
12,2138,178,1059,1070,1015691,1492548474.2,Malware 2017-04-18-USPS-malspam-zipped-js-from-answer-photo.com
52,5248,101,2630,2643,1759451,1492531704.64,Malware 2017-04-18-USPS-malspam-sends-exe-file-with-post-infection-traffic
9,546,91,274,546,407860,1492533873.68,Malware 2017-04-18-fake-Word-online-page-at-mattsfotoalbum.de-no-post-infection-traffic
9,502,55,365,502,489455,1492096007.22,Malware 2017-04-13-what-seems-like-Rig-EK-1st-run
12,4780,398,2114,2391,497965,1492110543.07,Malware 2017-04-13-blank-slate-malspam-sends-Cerber-ransomware
11,127,11,69,127,58330,1491947308.64,Malware 2017-04-11-retreiving-ransomware-binaries-from-fake-office-portal-pages
17,780,45,387,391,253893,1491945125.95,Malware 2017-04-11-mole-ransomware-malspam-2nd-attempt-on-a-physical-host
15,1256,83,625,629,456757,1491930655.11,Malware 2017-04-11-mole-ransomware-malspam-1st-attempt-on-a-VM
7,151,21,102,149,134450,1491588747.96,Malware 2017-04-07-3rd-run-EITest-campaign-HoeflerText-popup-sends-Spora-ransomware
26,1903,73,904,993,900399,1491519660.27,Malware 2017-04-06-EITest-Rig-EK-sends-matrix-ransomware-variant
6,1356,226,678,679,663386,1491511603.44,Malware 2017-04-06-Cerber-from-resettinfgd1991.gdn
20,680,34,332,341,252736,1491357860.21,Malware 2017-04-05-Terror-EK-sends-Andromeda-1st-run
6,984,164,492,493,480521,1491401883.61,Malware 2017-04-05-Cerber-from-opennewsnz.top-as-fake-Chrome-update
6,654,109,327,328,326163,1490979874.54,Malware 2017-03-31-Cerber-from-fffgooaldq.top
103,3022,29,945,1521,998346,1490907838.91,Malware 2017-03-30-Dridex-confirmation-letter-Dridex-traffic
6,614,102,307,308,303350,1490820348.5,Malware 2017-03-29-Cerber-from-newsectorbs.top
6,714,119,357,358,272427,1490618581.72,Malware 2017-03-27-Cerber-from-truemityunituistep.top
6,798,133,399,401,305574,1490619473.65,Malware 2017-03-27-Cerber-from-hoopcinezc.top
10,1960,196,978,981,857572,1490620104.25,Malware 2017-03-27-Cerber-from-fake-chrome-page
6,596,99,298,299,220130,1490618032.15,Malware 2017-03-27-Cerber-from-chromehakc.top
6,562,93,281,282,239650,1490618327.68,Malware 2017-03-27-Cerber-from-chromefastl.top
10,4432,443,2193,2217,163023,1490371449.97,Malware 2017-03-24-Cerber-from-voperforseanx.top-using-chrome_update
6,796,132,398,399,402478,1490380829.32,Malware 2017-03-24-Ceber-from-gooolgeremf.top
10,4832,483,2245,2417,374611,1490379849.85,Malware 2017-03-24-Ceber-from-chromebewfk.top-using-attachment
8,41,5,21,41,16240,1490233961.05,Malware 2017-03-23-quantum-code-malspam-1st-run
15,18396,1226,8714,9199,9352098,1490172103.27,Malware 2017-03-22-Portuguese-invoice-malspam-traffic
6,542,90,271,272,261624,1490068805.71,Malware 2017-03-21-Cerber-from-yunityreyrehol.top
6,554,92,277,278,264814,1490041433.17,Malware 2017-03-20-Cerber-from-bobdomjda.top
25,7747,135,3608,4137,3637713,1489585494.14,Malware 2017-03-15-unidentified-campaign-Rig-EK-sends-DELoader
9,4972,552,2346,2791,752409,1489588268.18,Malware 2017-03-15-pseudoDarkleech-Rig-EK-sends-Cerber-1st-run
8,273,34,182,273,237492,1489591494.55,Malware 2017-03-15-EITest-Rig-EK-sends-Revenge-ransomware
6,452,75,226,227,237116,1489613139.45,Malware 2017-03-15-Cerber-from-ubisortdasert.top
6,494,82,247,248,255447,1489611751.68,Malware 2017-03-15-Cerber-from-fkauueeepla.top
6,420,70,210,211,235945,1489455137.61,Malware 2017-03-14-Cerber-from-weekendlk.top
6,468,78,234,235,249853,1489455675.83,Malware 2017-03-14-Cerber-from-toytyaclucomunit.top
6,590,98,295,296,251038,1489506708.69,Malware 2017-03-14-Cerber-from-ponmaredimare.top
6,500,83,250,251,263751,1489456928.46,Malware 2017-03-14-Cerber-from-citointechnologiesalefor.top
1213,7826,6,3909,3914,1165809,1489417020.53,Malware 2017-03-13-Kovter-Locky-malspam-traffic
68,3229,47,1336,1862,1353586,1489442475.53,Malware 2017-03-13-Good-Man-Rig-EK-sends-Godzilla-Loader
29,6354,219,3161,3178,2936387,1489164368.65,Malware 2017-03-10-income-report-malspam-traffic
10,327,32,160,240,201629,1489107911.17,Malware 2017-03-10-EITest-HoeflerText-Chrome-popup-sends-Spora-ransomware-1st-run
13,2848,219,1199,1425,374527,1489186039.31,Malware 2017-03-10-Cerber-from-fordfocuscommunoityesz.top
47,12010,255,5566,6006,5169441,1488920807.77,Malware 2017-03-07-EITest-Rig-EK-sends-Dreambot
18,4466,248,2231,2234,1991503,1488590212.64,Malware 2017-03-04-KaiXin-EK-1st-run
15,2084,138,1030,1043,1100416,1488478375.23,Malware 2017-03-02-Nebula-EK-1st-run
36,692,19,437,692,567971,1488155357.49,Malware 2017-02-27-EITest-Rig-EK
12,4876,406,2312,2708,667891,1488153086.46,Malware 2017-02-26-pseudoDarkleech-Rig-EK-sends-Cerber-ransomware
39,32094,822,16041,16048,14522475,1487873255.95,Malware 2017-02-23-Hancitor-malspam-traffic
55,12960,235,6342,6481,5724928,1487862529.8,Malware 2017-02-23-EITest-Rig-EK-sends-Dreambot
9,2639,293,1230,1538,484410,1487777061.82,Malware 2017-02-22-pseudoDarkleech-Rig-EK-sends-Cerber-ransomware
12,381,31,160,240,189712,1487807781.25,Malware 2017-02-22-EITest-HoeflerText-Chrome-popup-after-techydiary.com
12,408,34,165,241,203239,1487807058.84,Malware 2017-02-22-EITest-HoeflerText-Chrome-popup-after-expervision.com
10,2086,208,1042,1044,897614,1487697256.9,Malware 2017-02-21-ZeusPandaBanker-malspam-traffic
81,18678,230,9228,9340,8642378,1487724333.42,Malware 2017-02-21-Hancitor-malspam-traffic
13,2432,187,1214,1217,1060592,1487614717.39,Malware 2017-02-20-malspam-traffic
26,11796,453,5889,5899,6360658,1487365858.3,Malware 2017-02-17-Brazilian-malspam-traffic
32,18766,586,9261,9495,8592975,1487269420.47,Malware 2017-02-16-Hancitor-malspam-traffic
8,287,35,189,287,241375,1487204961.7,Malware 2017-02-15-EITest-HoeflerText-Chrome-popup-traffic-6-of-6
8,235,29,159,235,190634,1487203601.14,Malware 2017-02-15-EITest-HoeflerText-Chrome-popup-traffic-5-of-6
11,292,26,192,292,223558,1487193957.56,Malware 2017-02-15-EITest-HoeflerText-Chrome-popup-traffic-4-of-6
8,278,34,186,278,248040,1487192830.05,Malware 2017-02-15-EITest-HoeflerText-Chrome-popup-traffic-3-of-6
8,220,27,148,220,189121,1487180569.42,Malware 2017-02-15-EITest-HoeflerText-Chrome-popup-traffic-2-of-6
9,324,36,321,324,273806,1487171306.48,Malware 2017-02-15-EITest-HoeflerText-Chrome-popup-traffic-1-of-6
4,45,11,31,45,38680,1487114230.8,Malware 2017-02-14-EITest-HoeflerText-Chrome-popup-traffic-5th-run
4,114,28,82,114,109699,1487108371.2,Malware 2017-02-14-EITest-HoeflerText-Chrome-popup-traffic-4th-run
4,100,25,68,100,92475,1487106497.23,Malware 2017-02-14-EITest-HoeflerText-Chrome-popup-traffic-3rd-run
13,588,45,292,295,245544,1487100253.27,Malware 2017-02-14-EITest-HoeflerText-Chrome-popup-traffic-2nd-run
4,87,21,60,87,78178,1487092429.96,Malware 2017-02-14-EITest-HoeflerText-Chrome-popup-traffic-1st-run
103,27896,270,13872,13949,9683893,1487013145.71,Malware 2017-02-13-Hancitor-malspam-traffic
25,1008,40,496,505,414716,1486672102.72,Malware 2017-02-09-Hancitor-Pony-malspam-traffic
10,318,31,195,318,267484,1486597747.95,Malware 2017-02-08-EITest-Rig-EK-sends-CryptoShield-ransomware-2nd-run
10,342,34,207,342,271443,1486595583.58,Malware 2017-02-08-EITest-Rig-EK-sends-CryptoShield-ransomware-1st-run
10,4642,464,2244,2437,392819,1486512815.83,Malware 2017-02-08-Cerber-from-unityvolverline.top-3-of-3
4,414,103,303,414,424844,1486574017.98,Malware 2017-02-08-Cerber-from-rapidytrust.top
44,26258,596,13114,13130,9283908,1486492855.93,Malware 2017-02-07-Hancitor-Pony-malspam-traffic
4,239,59,184,239,256274,1486511457.71,Malware 2017-02-07-Cerber-from-unityvolverline.top-2-of-3
4,322,80,237,322,332567,1486510946.98,Malware 2017-02-07-Cerber-from-unityvolverline.top-1-of-3
4,312,78,234,312,326620,1486509981.18,Malware 2017-02-07-Cerber-from-unitystydiying.top-2-of-2
4,311,77,234,311,329361,1486509706.22,Malware 2017-02-07-Cerber-from-unitystydiying.top-1-of-2
4,251,62,184,251,258155,1486512093.24,Malware 2017-02-07-Cerber-from-fapoergol.top
4,319,79,236,319,330872,1486509382.08,Malware 2017-02-07-Cerber-from-doorasope.top
51,25918,508,12941,12960,8964574,1486410019.67,Malware 2017-02-06-Hancitor-Pony-malspam-traffic
9,541,60,339,541,448786,1486417754.89,Malware 2017-02-06-Afraidgate-Rig-EK
7,4611,658,2243,2430,396740,1486070718.07,Malware 2017-02-02-Cerber-from-zofelaseo.top
4,339,84,228,339,321424,1486073962.36,Malware 2017-02-02-Cerber-from-www.astrovoerta.top
4,228,57,168,228,232579,1486071213.31,Malware 2017-02-02-Cerber-from-suzemodels.top
4,201,50,157,201,224385,1486071871.37,Malware 2017-02-02-Cerber-from-polkiuj.top
7,4596,656,2221,2452,481285,1486069004.19,Malware 2017-02-02-Cerber-from-ibm-technoligi.top
4,338,84,232,338,326460,1486073954.99,Malware 2017-02-02-Cerber-from-guntergoner.top-2-od-2
4,281,70,205,281,284553,1486073499.83,Malware 2017-02-02-Cerber-from-guntergoner.top-1-od-2
4,303,75,225,303,315357,1486074521.48,Malware 2017-02-02-Cerber-from-adibas.top
1705,55876,32,26421,27939,12203185,1485968917.93,Malware 2017-02-01-Hancitor-Pony-malspam-traffic
8,355,44,238,355,316236,1485973452.5,Malware 2017-02-01-EITest-Rig-EK-sends-CryptoShield-ransomware
52,29220,561,14599,14611,8475628,1485889442.45,Malware 2017-01-31-hancitor-pony-malspam-traffic
108,24592,227,12285,12297,8206805,1485813114.49,Malware 2017-01-30-UPS-malspam-traffic-part-2-post-infection-activity
4,224,56,144,224,202486,1485804277.23,Malware 2017-01-30-UPS-malspam-traffic-part-1-retreiving-Word-doc
8,459,57,354,459,481136,1483115951.54,Malware 2016-12-30-Sundown-EK-1st-run-sends-Terdot.A-Zloader
756,25128,33,9160,12565,7137876,1403642639.93,Malware Ursnif (Gozi)
24,337,14,162,173,19971,1485383239.12,Malware Ursnif (Gozi)
51,10581,207,5269,5293,4915005,1516161992.92,Malware Ursnif (Gozi)
12,362,30,137,197,25300,1445538715.58,Malware Ursnif (Gozi)
135,4402,32,2159,2202,1211800,1403624679.85,Malware URLZone (Bebloh)
33,1654,50,930,1654,1042092,1374194871.21,Malware URLZone (Bebloh)
396,19738,49,7947,9870,4985394,1385190194.86,Malware URLZone (Bebloh)
16059,80798,5,22786,40730,2451478,1551459097.46,Malware wrccdc.regionals.2019-03-01.085136000550000
184,6846,37,2691,3424,2143879,1403715219.87,Malware URLZone (Bebloh)
2,2,1,2,2,263,1380138280,Non Malware c1222_std_example8
4,27,6,15,27,3136,1138224632.35,Non Malware can-2003-0003
4,164,41,82,164,8955,1438467350.22,Non Malware coap-cbor
3,4,1,4,4,1312,1102274184.39,Non Malware dhcp-nanosecond
5,25,5,13,25,2378,1544967228.82,Non Malware DICOM_C-ECHO-echoscu
3,7,2,7,7,751,1165055880.61,Non Malware dmp-examples
3,8,2,8,8,451,1227729908.71,Non Malware dnp3_read
4,12,3,7,12,720,1227729908.58,Non Malware dnp3_select_operate
3,8,2,8,8,458,1227729908.34,Non Malware dnp3_write
3,2,0,2,2,615,1096255084.95,Non Malware dns_port
15,110,7,55,131,22885,1105667516.22,Non Malware dns-remoteshell
2,12028,6014,12028,12028,870083,1294229393.49,Non Malware eia709.1-over-eia852
3,10,3,10,10,700,1171792480.91,Non Malware epmd
5,7217,1443,7217,7217,1471433,1228469046.88,Non Malware FAX-Call-t38-CA-TDM-SIP-FB-1
4,485,121,429,485,311418,1448733620.62,Non Malware fix
4,1237,309,620,1237,390972,1448736945.32,Non Malware fix-ssl
9,92,10,46,92,12027,1258844153,Non Malware gopher
4,13,3,8,13,976,1132019262.68,Non Malware ldap-and-search
4,13,3,8,13,1033,1132104819.61,Non Malware ldap-attribute-value-list
4,13,3,8,13,1008,1132103529.34,Non Malware Ldap-extensible-match
4,13,3,8,13,1036,1132608991.11,Non Malware ldap-extensible-match-with-dn
5,26,5,16,26,1951,1132017781.96,Non Malware ldap-substring
2,10,5,10,10,1480,1299595979.42,Non Malware mndp
6,280,46,145,299,23667,1257504948.23,Non Malware Mobile Originating Call(AMR)
6,292,48,153,308,24175,1257505179.23,Non Malware Mobile Terminating Call(AMR)
7,56503,52,364,364,56503,1115373055.97,Non Malware msnms
4,57,14,35,57,5631,1216281124.42,Non Malware mysql_complete
128,2500,19,2474,2500,667106,1518797883.33,Non Malware nano
6,117,19,76,117,113364,1521202516.62,Non Malware nano_tcp
7,9,1,7,347,174303,1388653841.24,Non Malware nb6-hotspot
4,10,2,6,62,7793,1388651886.62,Non Malware nb6-http
30,308,10,141,531,78623,1388651332.31,Non Malware nb6-startup
5,516,103,516,527,114402,1388604240.63,Non Malware nb6-telephone
4,32,8,19,32,7037,1258844993.79,Non Malware nntp
7,25,3,23,25,6905,1128234710.74,Non Malware nspi
5,32,6,31,32,3315,1096255085.6,Non Malware NTP_sync
3,64,21,64,31161,2271380,1274266620.97,Non Malware opensafety_epl_trace
2,54,27,54,426,47570,1298561834.08,Non Malware opensafety_sercosiii_trace
9,31383,3487,16014,16036,1326962,1320312500.06,Non Malware opensafety_udp_trace
335,36942,110,18452,18472,4610740,1103485468.1,Non Malware pgsql-jdbc
5,866,173,866,866,157902,1480173003.07,Non Malware sip-rtp-dvi4
5,852,170,852,852,185175,1480171996.57,Non Malware sip-rtp-g711
4,433,108,433,433,94247,1480172914.72,Non Malware sip-rtp-g722
11,3464,314,3464,3464,448360,1480172729.67,Non Malware sip-rtp-g726
4,433,108,433,433,34784,1480675289.58,Non Malware 1480675289.58
4,433,108,433,433,40264,1480172969.92,Non Malware sip-rtp-gsm
4,292,73,292,292,32856,1480256095.6,Non Malware sip-rtp-ilbc
7,1673,239,1673,1673,1921234,1480172617.92,Non Malware sip-rtp-l16
4,103,25,103,103,11079,1480172957.14,Non Malware sip-rtp-lpc
4,433,108,433,433,79945,1480255677.34,Non Malware sip-rtp-opus
6,1299,216,1299,1299,128518,1480255728.22,Non Malware sip-rtp-speex
2,1,0,1,1,130,0,Non Malware siso_std_002_annex_b_example
2,1,0,1,1,154,1518307023.95,Non Malware siso_std_002_transmitter
2,1,0,1,1,418,1065823369.24,Non Malware slammer
8,118,14,58,60,26866,1254722776.69,Non Malware smtp
3,9,3,9,9,2159,1150121105.51,Non Malware snakeoil-dtls
2,2,1,2,2,222,5,Non Malware stanag-5602-simple-example
4,479,119,309,479,111277,1303496723.92,Non Malware tcp-ecn-sample
3,24,8,24,24,2979,1205285358.4,Non Malware TeamSpeak2
4,92,23,48,92,7748,943755197.958,Non Malware telnet-cooked
4,272,68,159,272,19969,944192142.668,Non Malware telnet-raw
6,99,16,49,99,29855,1367411052.26,Non Malware tftp_rrq
6,100,16,50,100,29215,1367053679.76,Non Malware tftp_wrq
4,78,19,78,78,12895,1206814323.66,Non Malware TNS_Oracle1
3,36,12,36,36,6006,2774190273,Non Malware TNS_Oracle2
3,36,12,36,36,6808,2774567399,Non Malware TNS_Oracle3
3,10,3,10,10,911,1205649454.09,Non Malware TNS_Oracle4
3,56,18,56,56,16447,1445944516.12,Non Malware TNS_Oracle5
14,417,29,148,218,19156,1450374038.89,Non Malware tunnel
15,1748,116,874,2544,175713,1523287251.15,Non Malware uaudp_ipv6
16,4042,252,2514,4128,516978,1377868928.65,Non Malware UMTS_FP_MAC_RLC_RRC_NBAP
2,105,52,105,105,7623,1178738598.27,Non Malware unistim-call
4,61,15,59,61,4683,1178737994.48,Non Malware unistim_phone_startup
2,650,325,650,650,142084,1396418419.83,Non Malware UserLog
3,4,1,4,4,877,1125987741.49,Non Malware wap_google
2,1,0,1,1,445,0,Non Malware WAP_WBXML_Provisioning_Push
10,14,1,7,14,13216,1539062949.37,Non Malware win_s4u2self
4,10,2,5,10,937,1128177895.37,Non Malware x400-ping-refuse
4,12,3,6,12,1160,1128178134.03,Non Malware x400-ping-success
3,2,0,2,2,2504,1338904091.47,Non Malware yami
2,1,0,1,1,77,955475231.643,Non Malware zlip-1
2,1,0,1,1,77,955475289.55,Non Malware zlip-2
2,1,0,1,1,147,955475381.123,Non Malware zlip-3
15,80,5,32,48,4980,1278798212.11,Non Malware activeosfingerprinting
34,320,9,109,165,62233,1279251587.12,Non Malware arppoison
6,39,6,29,39,15825,1279129255.99,Non Malware aurora
3,2,0,2,2,942,1294672473.08,Non Malware dhcp_inlease_renewal
3,4,1,4,4,1312,1102274184.39,Non Malware dhcp_nolease_renewal
4,11,2,6,11,1819,1264976181.5,Non Malware dns_axfr
4,2,0,1,2,162,1166293367.29,Non Malware dns_query_response
4,2,0,1,2,168,1264437230.83,Non Malware dns_recursivequery_client
5,4,0,2,4,336,1264437230.83,Non Malware dns_recursivequery_server
6,71,11,38,71,37309,1270494770.21,Non Malware facebook_login
4,5,1,3,5,2886,1270495405.72,Non Malware facebook_message
44,1910,43,481,956,652181,1270661371.83,Non Malware http_espn
4,12,3,7,12,6162,1265678319.75,Non Malware http_google
4,21,5,12,21,13003,1265682777.56,Non Malware http_post
4,9,2,6,9,1674,1438830502.32,Non Malware id1.cn-inject
3,122,40,122,122,128458,1269449577.47,Non Malware inconsistent_printer
4,6,1,3,6,2387,1265678319.72,Non Malware latency1
4,6,1,3,6,2387,1277053589.34,Non Malware latency2
4,6,1,3,6,2387,1277056398.03,Non Malware latency3
4,6,1,3,6,2387,1277057968.2,Non Malware latency4
2,7,3,7,9,620,1268911949.45,Non Malware nowebaccess1
4,6,1,3,8,476,1268912536.79,Non Malware nowebaccess2
5,8,1,4,5,462,1268914567.05,Non Malware nowebaccess3
2,2,1,2,2,124,1278938132.66,Non Malware passiveosfingerprinting
5,4,0,2,3,204,1271611536.35,Non Malware stranded_branchdns
1004,2009,2,1598,2011,116672,1278275079.36,Non Malware synscan
4,9,2,5,9,6126,1236095711.96,Non Malware tcp_dupack
4,3,0,2,3,186,1262893114.47,Non Malware tcp_handshake
11,505,45,307,505,420529,1262893123.48,Non Malware tcp_ports
4,2,0,1,2,122,1246561549.4,Non Malware tcp_refuseconnection
2,6,3,6,6,4236,979489090.5,Non Malware tcp_retransmissions
4,4,1,2,4,228,1262904550.97,Non Malware tcp_teardown
4,8,2,4,8,1872,1236095740.22,Non Malware tcp_zerowindowdead
3,7,2,7,7,3328,1276375699.42,Non Malware tcp_zerowindowrecovery
4,15,3,8,15,4177,1270489887.88,Non Malware twitter_dm
13,81,6,42,81,32842,1270401283.22,Non Malware twitter_login
4,14,3,7,14,5688,1269992075.41,Non Malware twitter_tweet
2,1,0,1,1,73,1246562189.77,Non Malware udp_dnsrequest
6,52,8,33,52,3434,1258553228.43,Non Malware wrongdissector
